{"initial_state_raw": [0.9999963020562169, 0.8032312585256332], "beta": [0.412445004207096, 0.18021209727430887, 0.27739948643765217, 0.4536571186258216, 0.4318814124500541, 1.6455068982944423, 0.14008284485332337, 0.463603122088134, 0.5861133675879703, 0.5252035928416102, 1.5363772293581481, 0.20856130590957392, 0.25700332054597336, 0.3846925976265369, 0.7004193516872426, 0.20394427685012007, 1.2143651095998025, 0.8831666201435852, 0.3781280816450722, 1.142270748455465, 0.26217985041886543, 0.3070448647464624, 0.37938486876084454, 0.818845052614548, 0.23766777792097407, 0.1587485920362614, 0.2594101094626006, 0.9701967625541663, 0.9712836996779022, 0.5567125818111544, 1.255265168742435, 0.18657047654123868, 0.16009727598540419, 0.5672004002428769, 0.1360650100817512, 1.5797358293233636, 1.0514260467171679, 0.21091645673299125, 0.3062981848717141, 0.260206012474239, 0.6637414784045735, 0.21152605286274995, 0.3248853491914639, 0.14075563508550398], "dL": 3.950620444032289, "dI": 2.5411971074751887, "dT": 11.646993138426623, "omega": 0.024212530996353784}