{"initial_state_raw": [0.9999993820716668, 0.06616594326772696], "beta": [1.2471116492645842, 0.32382028653906275, 0.6652089641845575, 0.19984601586514264, 0.6027674565507786, 1.2266772539100161, 1.3093580401202887, 0.4730288082242384, 0.7009850697983152, 0.640928622941791, 0.296881666657203, 0.40762485862434644, 0.3011858156210275, 1.0188532572885163, 0.6823875695687492, 1.5761774691349155, 1.0538719086939508, 0.2234867021452365, 0.45672458589919995, 0.7900076636289403, 0.21488548681510855, 0.25253804348461706, 0.6225899222717524, 1.6110717098708172, 0.24413980412658307, 0.14038523435451336, 0.24373067758987235, 0.6050667082867718, 1.5511964982151767, 0.25007353984646974, 1.4266072960903091, 0.971467811152697, 0.25549720042712315, 0.8305681790827151, 1.0860439187025395, 1.0043169974939106, 0.17406562730296554, 0.26258583558596366, 0.20920122448113548, 1.158281688296021, 0.9732721923078641, 0.32757828136156486, 1.6014271679249552, 0.3456911981646216], "dL": 3.9443006818750885, "dI": 2.4295976436027624, "dT": 12.603886810916155, "omega": 0.009169827883783786}