{"initial_state_raw": [0.9999912511585011, 0.5220421387817975], "beta": [0.265585340312028, 0.16080366647792863, 0.5545462806482334, 0.14382568137203094, 1.4503897346794117, 0.5980144648103499, 0.7173304018634968, 0.727216032498863, 0.8406164422572043, 0.30124701251430425, 0.7516443736819496, 1.5646401163619625, 0.7612091623048214, 0.3123255779594971, 0.9736764691501695, 0.4326506928528152, 0.15096066609434386, 0.7394865962072934, 0.31166033055857034, 0.24448760662627167, 0.21635937592655966, 1.1020512894548582, 0.20482431558150732, 0.8476702585643027, 0.787523301402926, 0.7168844006498926, 0.36644612006993726, 0.6109624013905239, 1.4538711338780086, 0.6250486482946235, 0.1711665540045417, 0.38045890768775675, 1.1010012391638406, 0.21582489953401499, 0.29656130829324184, 1.2304728089722223, 1.4091480273479757, 0.6496213804878973, 0.3581916869985203, 0.35636936334755975, 0.22852225248902752, 0.5227832301459392, 0.25053826054298184, 0.3516143297990633], "dL": 3.658399182323248, "dI": 2.476303301648169, "dT": 12.468349503332973, "omega": 0.022473969929789228}