{"initial_state_raw": [0.9999914148693839, 0.12113792779610122], "beta": [0.8154542484859522, 0.5175956452841082, 1.0724715363458839, 0.7642051014160695, 1.216127293444853, 0.446794845848737, 0.4527442092182982, 0.17188057751661412, 0.19238288897452588, 0.3917407663172744, 1.275290762756542, 0.45767526498983996, 0.5294939481182859, 0.982197652797977, 1.5118615846382564, 0.16324623880085548, 1.4886995464786987, 1.478954595453767, 0.9541336890771134, 1.2909120407042463, 0.740731206437354, 0.4116918227720227, 0.2020232866147759, 0.2182216984130666, 0.18817026373053491, 0.8464503953840419, 0.375454201966399, 0.27721803221339386, 0.22859151987804385, 0.9705138757207972, 0.20338315337381388, 0.2778680906901573, 0.2413764457503422, 0.5369095277573169, 0.2623788863438044, 0.1487498762298462, 0.22044376168695626, 0.8025787079077915, 0.3927267743460262, 0.27008690180885425, 1.3899315747243761, 0.16964774438412364, 0.18974228992489842, 0.6952641985470045], "dL": 3.5466834069472832, "dI": 2.3023900365736627, "dT": 12.724826168303593, "omega": 0.03822339081055007}