{"initial_state_raw": [0.9999927252632851, 0.7718200901418618], "beta": [0.4048608523508036, 0.4159940121540345, 1.041455993656351, 1.1550172129180079, 0.771115660166568, 1.4988863961317973, 1.301317599804115, 0.38833962718190584, 0.7794820662356912, 0.8033819904429891, 1.5783465408211097, 0.9861245310431804, 0.2100751324261576, 0.2194113317667657, 0.3015976638166935, 0.6072471031194473, 1.007194386971718, 0.408461077158744, 1.2516964329382663, 0.9287046433418401, 0.31209847520539785, 0.2625484057775923, 1.6166363353787097, 0.3844473348786073, 0.7303197516019347, 0.26706917886700166, 0.34432660749773125, 0.5626281915631838, 0.4401765821659505, 0.8205010800917822, 1.2779040947741935, 0.5529615264461217, 0.43402542973862684, 0.6599848809309147, 0.30191341516507786, 0.8372125257869165, 0.4584074940144673, 0.25730794763592785, 0.7605392090353467, 0.24958002105586444, 1.3083950241787046, 1.6453513823128834, 0.5288459254832383, 0.21176156086049164], "dL": 3.6710140096204515, "dI": 2.3612180844683577, "dT": 12.609709707789001, "omega": 0.013860253173835664}