{"initial_state_raw": [0.9999906248209525, 0.0765013205127818], "beta": [0.3323863770112999, 0.45762207376401587, 0.22751611609662434, 0.2700406678140599, 0.2851430420963362, 0.63568320335095, 0.46257535828056995, 1.0117532689134108, 0.1924823886300265, 0.31311547835590114, 0.1533330643968091, 0.28117659275428314, 0.4455862580367645, 0.3673742383234687, 1.316568822449297, 0.540584054043022, 1.4965846143754866, 1.0782734873455735, 1.1339232908182528, 0.2461276876356293, 1.2360876075330325, 0.7401099794444191, 0.507441232882638, 0.7811350140330967, 1.4672299892615237, 0.5267493209885441, 0.4087395556792996, 0.17543317746925124, 0.2587059263670911, 1.3657695012755555, 0.2938082909561217, 0.15441410182032825, 1.1850607952062677, 1.0692667937313947, 0.3458977972052419, 0.1927539032436349, 0.43999338829650303, 0.20891766184151825, 1.2606885557113487, 0.7519831027696021, 0.25693883674101453, 1.485974529855344, 0.5505093289592728, 0.5337483906562761], "dL": 3.600920059080043, "dI": 2.3270313980525965, "dT": 11.803672715272985, "omega": 0.01444897693495718}