{"initial_state_raw": [0.9999967155577117, 0.39243033101920843], "beta": [1.0228673237840302, 0.8953831746064829, 1.502731091580161, 1.1603807486720923, 0.850568523862395, 0.8723023473912428, 0.1473609488669165, 1.2620637460137498, 1.060494242149385, 1.04910956358328, 0.9197469960408508, 0.17056241788330015, 0.2613030342981953, 0.1692293814512459, 1.1828582329946504, 0.9140111176962763, 0.168404119384729, 0.27855460225704626, 0.17200373618207523, 1.1926895368521364, 0.18666876608562924, 1.1226924032894117, 0.4661267036611843, 0.7876344463584144, 0.5355251917566043, 0.6270386514197752, 1.4169323681145212, 1.191959611449756, 0.5753713840556507, 0.4505983729928485, 0.6479661321397872, 0.8539611024156721, 1.2596030259226507, 0.4384556146150916, 1.362225338471579, 0.41625100900670925, 0.9377270114128892, 1.058473498336935, 0.7511117591936887, 0.7403243855331344, 1.3004120737108233, 0.16299139207387933, 0.5827084692585053, 0.5568727864174805], "dL": 3.6110150679765805, "dI": 2.2961898648061134, "dT": 11.393585091853172, "omega": 0.0446828007677339}