{"initial_state_raw": [0.9999999832097605, 0.6332360925631212], "beta": [1.3622643800316432, 0.33282123558837373, 0.5036102468745236, 0.21933231164580946, 0.21478065902088822, 0.37393549516195623, 0.3074547647628957, 0.21915332481031086, 0.19935731308322197, 0.5649313846406451, 0.33711792775883775, 0.14693470057111202, 0.3470965125233235, 1.1942492600630388, 0.815148900801812, 0.18679818326325695, 1.1028863236967783, 0.38533657318306586, 0.6513046872069851, 0.5286059873776171, 0.596145154465878, 0.3718903124999241, 0.20480798188998017, 0.19796737409066975, 0.5993811110395749, 0.47800112628742397, 0.2082745939209312, 0.48938221417821043, 0.30797154791986703, 0.8246610667272457, 0.30987953308533916, 1.5235082601886334, 0.1754369676286212, 0.13685580811792614, 0.22894772385512005, 1.2897499151480483, 0.17903687962047418, 0.6336709524610941, 0.30918576699525807, 0.5848795430102912, 0.3534210458482783, 0.6489801141439753, 0.24359976369963665, 0.21554957655159418], "dL": 3.7437459651229137, "dI": 2.3744216082022627, "dT": 12.409474919618399, "omega": 0.03637424172143817}