{"initial_state_raw": [0.9999912783021148, 0.8787761234826206], "beta": [0.6885972936710136, 1.4226376459465022, 0.7986518819208296, 0.6189347932872498, 0.2134851696544986, 0.6160031450912996, 0.41525671776412654, 0.7631289160374699, 0.20342557568522407, 0.14950172381054938, 0.5469890167809365, 0.8630411646741711, 0.7848710134093672, 1.6083948180737095, 0.17451960423960713, 0.2853486728616729, 0.8843758066511517, 0.1531983626591135, 0.5455981043247421, 0.46314175615510383, 0.4910318936284602, 0.6337245919746901, 0.3268910286722379, 1.2316344462780853, 0.879689057088431, 0.6504304337977643, 0.30554525176451275, 0.6917434902776373, 0.37630832379992657, 0.4764784012997651, 0.5053560308565185, 0.3658315861183387, 0.17116685337850535, 0.14534436917359805, 0.17349556390495924, 0.9533294234706464, 1.0341886693130564, 0.3727656796208234, 0.18680280895378748, 0.14724007413029724, 0.46277619072763787, 0.808440731505064, 0.3857885066478451, 0.2652584322333736], "dL": 3.946098677934159, "dI": 2.4135280063551043, "dT": 11.808162577695443, "omega": 0.030272844457702053}