{"initial_state_raw": [0.9999900123262407, 0.18407900837920854], "beta": [0.3291942689921601, 0.2233691206753429, 0.394192513753417, 0.8935759569026157, 0.2636337114617953, 0.4692143296269071, 0.7325256178879185, 1.045210499983452, 0.15009585390275498, 1.2711536548972113, 0.1688975546173278, 0.7662583631888809, 1.3032746249991949, 0.7863569951940231, 1.1744374840994487, 0.8525276496315318, 0.7016747444748538, 0.9888881801230551, 0.5179204816129827, 1.0910941697906629, 0.5878563504140193, 1.186922378029423, 0.5087727416716896, 0.17690726722801317, 0.2544998007491837, 0.2918592016373187, 0.18474493297249373, 0.350362044357293, 0.1758342726576205, 0.8206460905745935, 0.7549391525826215, 0.3886402318587031, 0.2500492481171993, 0.8545233163437197, 0.3893383516155588, 0.2885168907705232, 0.6179855802152487, 0.4202043716635658, 0.47209148467133155, 1.1238764869215703, 0.1947831761994474, 0.3966377435964659, 0.9530789831429362, 0.48703768200184827], "dL": 3.5250044198865504, "dI": 2.472949771615975, "dT": 11.804713540917778, "omega": 0.012417359142810603}