{"initial_state_raw": [0.9999945538107585, 0.6549453204981269], "beta": [0.20650428779774532, 0.20725103019823132, 0.21544213961956454, 0.6475997462769916, 0.17637587501515548, 0.18328160530394308, 0.4413401787839364, 0.3783089894960259, 0.4500902549672112, 1.4383783245390862, 1.5582608391104944, 0.47541208442436134, 0.5428650818607701, 0.2207802393452423, 1.3010133789630016, 0.42497033108993276, 0.32676792789789993, 0.20728443692363338, 0.8660500785282611, 0.43906633578452803, 1.2576649340017119, 0.6756694194638201, 0.7658024447281264, 0.7353247639578068, 0.1458616919052224, 0.1754834066069139, 0.37987529060499614, 0.48320937585584356, 0.3043520702875408, 0.16970739886453046, 0.19589379634781662, 0.6922580184985886, 0.2762916116342938, 1.0896602657490695, 0.2204771464016547, 0.2973823990372545, 0.6917445135563886, 0.6835031805897679, 0.6178761479765426, 1.4091890044366866, 0.21440193520787404, 0.6007789164911781, 0.5185294172389023, 1.079923704996571], "dL": 3.9395042674235277, "dI": 2.4614140095185935, "dT": 11.71978147138683, "omega": 0.043315929015025866}