{"initial_state_raw": [0.9999928835314239, 0.9985940272403192], "beta": [0.1950432583564861, 1.3063147597644853, 0.7041413072754914, 0.17793119096216503, 0.4392149706807957, 0.3735289622632438, 1.1464608598048258, 0.9951490158154981, 1.3631475408086093, 0.7332748704807395, 0.43030251179438894, 0.14658707748884248, 0.1386106778255769, 0.1492882713573694, 0.1822789144331502, 0.16586991223560985, 0.13967452308014905, 0.61318567569899, 1.1274984067403857, 1.3336034754408017, 0.42685306517940075, 0.6949776454830455, 1.1229280528642507, 0.8377281129197376, 1.1013058873158563, 1.4550041613003222, 0.8259389223586158, 0.6108270737084855, 1.3006644778049854, 0.7681240653713476, 1.1967638189432506, 0.9572313110837466, 1.5640457941456192, 1.2294708677089656, 0.1451596790544681, 0.27772111726470916, 0.23450809275914913, 0.4307283870599492, 0.1725440391384906, 1.6290299602940115, 1.4658099594842922, 0.1566545223175821, 0.1651580531812084, 0.23662758264434816], "dL": 3.541065137816135, "dI": 2.415611607376611, "dT": 12.88555750376462, "omega": 0.03126332793853338}