{"initial_state_raw": [0.9999934339239419, 0.9956438575891583], "beta": [0.14851207323768842, 0.8427884305805216, 0.2550492534868038, 1.015359659124153, 0.4997684202598138, 1.5771135721495537, 0.16883761959001128, 1.570492098313492, 0.8640767244965457, 0.3394225063929537, 0.46246753459912915, 0.9457723064532538, 0.8155739750521949, 0.24750755727976081, 1.1698853409175582, 0.15417469738108522, 0.7582590508698556, 0.13985516200227863, 0.3353339994279147, 0.5251357643080984, 0.9043662069605709, 0.16668977644893856, 0.22913197933612858, 1.3760810192307078, 0.14967601515454446, 0.20841483858546792, 0.22394196240039624, 0.23204670723214915, 0.40144280189778475, 0.696015827394591, 1.0073167792547149, 0.8586295097106862, 0.6633823226551968, 1.6073212625435698, 0.5363832973312963, 0.6693509197258197, 0.20517717953544512, 0.7198890755508993, 1.3598221937762651, 0.39250981746696223, 0.367191542293041, 1.46748683698285, 0.646441456136664, 0.48525156168662], "dL": 3.7553099457016774, "dI": 2.2534095963909158, "dT": 11.425621350322428, "omega": 0.02913601480042862}