{"initial_state_raw": [0.9999997188721103, 0.6470517649921333], "beta": [0.1396262177990836, 1.4001106409748252, 1.407108643910779, 0.7658364459945659, 1.0157597689899127, 0.1381158781181383, 1.1155081287359876, 1.2496870089802177, 0.19510951038389968, 0.4998397111482982, 0.4776579462025065, 0.2968503928670713, 0.28996125786553484, 0.9917963752453889, 0.158207115336976, 0.22830945147895446, 1.158595164671566, 0.4006637680368652, 0.24573366487964254, 1.1043505200108246, 0.35024525961293573, 0.24002923281554897, 0.354628030189895, 0.27181337510616066, 0.3513676715631854, 0.2347054565464612, 1.4110110710927974, 0.8050156800497492, 0.9189321082131049, 1.0688047171621733, 1.5796440134638818, 1.0020366924888988, 0.27302924879134505, 1.186631968609152, 0.17973780673408052, 0.9422355830741586, 1.3060918622062756, 0.5291022821945476, 1.2921488544025237, 0.16718308494618356, 0.15976944666726858, 0.8209646824754089, 0.5632971766860806, 0.6319967633143779], "dL": 3.5165683282208446, "dI": 2.3600331315465626, "dT": 11.971876064211585, "omega": 0.007247774043811403}