{"initial_state_raw": [0.9999995714319093, 0.012459349603097691], "beta": [0.1416634066704442, 0.19720965079875377, 0.14513543824986339, 1.0461602790268825, 0.6785700262943373, 0.1414823183112972, 1.397753063873529, 0.3449215809853484, 1.5100943501361226, 0.20877932610331135, 0.26211981237179494, 0.17449060070280178, 0.14596310979589378, 1.4979837032704921, 0.14936631487818502, 0.6596398908030886, 1.1268159493301833, 0.2070684842800908, 0.17093865542873632, 0.26713486991778823, 1.4025676302742014, 0.16123438405650503, 0.14514983401719914, 0.18322281717025046, 0.6869827474223457, 1.5587631429488038, 0.2693236202980921, 0.5262053957744391, 1.0741263560458227, 0.19517085421323777, 1.2278464553215458, 0.8278775260733101, 1.1612960807529005, 0.30037281902313995, 0.38296076965064235, 0.33319163480391195, 0.47859052835192034, 0.5606551518079361, 0.5328002612103644, 0.4272802409924902, 1.5643090401764546, 0.23024435224434747, 0.8709436151623483, 0.13786483988131965], "dL": 3.9399350972504448, "dI": 2.5716633676668055, "dT": 12.653255101721584, "omega": 0.017891170535056154}