{"initial_state_raw": [0.9999975922367095, 0.6657009052694289], "beta": [0.41811585684742086, 0.5428466832139764, 0.6858956364596575, 0.47403379233131715, 1.5784462172824587, 0.48473746915230337, 1.0869580376645096, 0.14952399771530855, 0.8653849733904859, 0.46605888630186293, 0.45127823842648274, 0.34077694569135625, 0.3120047003334412, 0.551285480843898, 0.5304236734134559, 0.484888933047854, 0.4491247896271479, 1.1120925380365565, 0.4566531681548471, 0.19986189675133006, 0.7186975197749021, 1.2355091463958943, 1.135559351927912, 0.9834530647121003, 0.6261507256394241, 0.6450843117502922, 0.2831236749968462, 0.33881856958429313, 1.4576979709041236, 1.520076280538085, 0.19657693403962373, 0.1856046140625293, 0.1420666913516812, 1.6266609599918642, 0.2831372317693885, 0.29733307527459746, 0.1503351007241869, 1.39135660631989, 0.3675450968093439, 0.14286314500779537, 0.22793053115254613, 0.16879142470803057, 0.6149413078135405, 1.1774383206804793], "dL": 3.9272996945093888, "dI": 2.4790096068334138, "dT": 12.688662878760137, "omega": 0.013114462534124072}