{"initial_state_raw": [0.9999970755835813, 0.8066254255181186], "beta": [0.1427865781171313, 1.3915895426948455, 0.1764856484057144, 0.6207928103451696, 0.3021478820567976, 0.23028223083575247, 1.2442788863020118, 0.14244551135647104, 1.5385802103838353, 0.31532279762615517, 0.3322242717867673, 1.0432644019409534, 0.23911350254101185, 0.5463219397907381, 0.21987679868482113, 0.273528485644232, 0.2576504497389276, 1.1712433627115344, 0.19578405247747985, 0.3529839174847889, 0.5754402544425417, 0.49189545533387746, 1.0270524148382871, 1.0155574637845066, 0.1370881548421777, 0.14005764137255577, 0.13795264145420824, 0.4453910175409383, 0.6075699144099197, 0.2888062831500804, 0.3291742778301386, 0.14674773038474204, 1.2625790408193054, 0.16405342137947493, 0.881498303782715, 0.20042192401688141, 0.299272519531736, 0.13890812763697455, 1.22630909835691, 0.6748238859953118, 1.3979745188218808, 0.15606016693602548, 1.112943143559956, 0.18958116456719243], "dL": 3.7535037957474757, "dI": 2.3053395168337687, "dT": 11.010301128268573, "omega": 0.02139432931836032}