{"initial_state_raw": [0.9999948589244723, 0.6821889845806367], "beta": [1.366349312178617, 0.1901625569313039, 1.1026803993747045, 0.1655677282738288, 0.3111738198182004, 0.383236890890258, 1.3725208109926832, 0.9920120527893769, 0.24575221819315346, 0.9972943462207817, 1.0698862701918301, 0.2656347382396501, 0.35612345930288103, 0.17273450498091658, 0.16574819609852712, 0.4602402446049998, 1.2126571699019164, 0.18038599596385443, 1.1031150724824832, 0.3615076016916703, 0.21123704279532582, 1.2326352349086214, 0.7985813083132325, 0.3282141025075473, 0.35849853318528596, 0.4487962256699512, 0.7464093471783675, 1.0815680256542097, 1.0812745670444963, 0.8271145564054622, 0.686998220830116, 1.560240480914428, 0.8561014376622301, 0.24528962307311122, 0.5975702100397939, 1.0735283855749156, 0.14156971240240857, 0.5985168525813465, 0.17327506714052446, 0.3133204180441939, 0.20793794497572574, 0.15985502711049912, 0.19512777344041893, 1.2025962965181], "dL": 3.5631221851134227, "dI": 2.523238746181119, "dT": 11.971502587338886, "omega": 0.010405730376835162}