{"initial_state_raw": [0.9999915954172411, 0.5614086393889538], "beta": [0.4428764325578753, 0.15228178831975014, 0.19876488780724808, 1.528571374115282, 0.7115457840172469, 0.3144138648918574, 1.0632362999528253, 0.13610732503868553, 1.3765123742685894, 0.23728053735180912, 0.29359710470798356, 1.195207058049238, 0.48283699958552284, 0.2107893404113966, 1.0479337494201384, 0.8928748917948579, 0.2294579772600399, 0.9624601241043212, 0.7706578496669643, 1.2261273042499907, 0.6919945268763208, 0.8278193199857435, 0.24007607430322384, 1.5828197327490652, 0.4225567661374713, 0.7180479560223961, 0.39269729328140024, 0.56158726397848, 0.8463665924292657, 0.17747896924312437, 0.6002158989638017, 0.1620496666279407, 1.014996141577188, 0.5840005136515684, 0.3223883046692354, 0.38150331303336793, 0.23999669335652082, 0.23498475007343503, 0.4836499221856761, 0.8043013022601675, 0.35935685922531924, 1.5795454128086444, 0.9759710701278683, 0.20918753348610233], "dL": 3.930885472013298, "dI": 2.3929882651442, "dT": 12.477268493820725, "omega": 0.013675423431302687}