{"initial_state_raw": [0.999993062346804, 0.4926204340667648], "beta": [0.1551594705209794, 0.3279495628157252, 0.3480249574360157, 0.5527485844300796, 1.0166110789801244, 1.419965591964485, 0.7250729421158119, 0.7126133814808587, 0.43007602703149006, 0.9398862462137396, 0.1389541151255862, 1.3402308648325527, 0.8870272769688896, 0.9283006934681968, 0.16246070060800155, 0.14366531984271666, 0.7517418523421933, 0.1361679258165633, 0.5908360611099349, 0.8075904547872068, 0.14460226918591437, 0.6494969386851, 0.1475334067487016, 0.2698862083661778, 0.9823255753898285, 0.3191938229754116, 1.0154615756896392, 0.24082487443055633, 0.2080693445902636, 1.1079143277483898, 0.23871505270425852, 0.5011922526975929, 0.17369380785213331, 0.17608919404756337, 0.41729552778123336, 0.8945047002998053, 0.13962604906759438, 0.2111077564132913, 0.29399996580516125, 0.4065146272306113, 0.6268869425943703, 0.31616022652019304, 0.37660929961746015, 0.6092365555689689], "dL": 3.7111577610012736, "dI": 2.3351732657023003, "dT": 12.325758164670614, "omega": 0.03195077781326273}