{"initial_state_raw": [0.9999932964869979, 0.25033103594046213], "beta": [1.506133496154378, 0.23074191589233106, 0.2280390967597676, 0.39807643210696614, 0.3587860811376234, 0.21331494993429392, 0.9777666064557551, 0.5524128456947872, 0.4049961980061, 0.6092647936405743, 0.3860480389738672, 1.001973142566876, 0.2471143904035485, 0.918842852558244, 0.34466954753584594, 0.4190740211448495, 0.9721137990810861, 0.22582346256002797, 0.32401667542631485, 0.1957217632382685, 1.3201875857087442, 0.3853795032604376, 0.35709639891966427, 0.40111916679537163, 1.3135999492959929, 0.23637422195499372, 1.0253543196134374, 0.5297714756198368, 0.3357050300603789, 0.8912100442785852, 0.9436986226572202, 0.850919924998207, 0.9826264110759124, 0.39957527265032744, 0.7357367475405735, 0.36741235051088666, 0.22525374330556414, 0.19501757804357825, 0.30932626143380143, 0.6932620818883991, 0.14478161089622793, 0.958919802653544, 0.3632286112937288, 0.5921831794924537], "dL": 3.688080493437427, "dI": 2.4353507683290214, "dT": 12.69127777548296, "omega": 0.04558677798748906}