{"initial_state_raw": [0.9999911504168281, 0.19537489186496615], "beta": [0.25501847291131463, 0.5052780812333423, 0.7282554859490589, 0.18919985887829782, 0.3567825459474929, 1.3775104961897016, 0.8372712131364948, 1.1812286153428615, 0.18552195278164213, 0.20522855970604226, 0.7442368496367401, 0.29863719778713443, 0.29624401416909263, 1.5140844708752434, 0.19018796352002526, 0.15001518642386513, 0.22959729982421326, 0.5691517117956794, 0.6337279350073919, 0.22776617464374244, 1.2981153042465245, 0.7842995473231129, 0.32409707461004633, 0.17489200777513, 0.3535826484995671, 0.8684545091365453, 0.1403093015912975, 0.7914409980226021, 1.3485212991698483, 0.2598500023168876, 0.1448002339260805, 0.47190400082414136, 0.2097758176852469, 1.0117650783219836, 0.5259233504318749, 0.3189409310583527, 0.6646609315371252, 1.5492625729148946, 0.282777959895464, 0.9314002677938162, 0.20422570007851285, 0.1395407356379843, 0.5273838686864282, 0.5383817793878998], "dL": 3.5321000024136744, "dI": 2.200831684916951, "dT": 12.597945394418314, "omega": 0.009259465284026172}