{"initial_state_raw": [0.9999905246786486, 0.5851887024821341], "beta": [0.36370777881540667, 0.39737255650487446, 0.6945164394216372, 1.4601370833275644, 0.29727593490305915, 0.17026187389909003, 0.3259657006012008, 0.4166787846428765, 0.8854420683125627, 0.2567792366575788, 0.7687107744150272, 0.14036507916117402, 0.6534250205045957, 1.131696646646164, 0.28516090523851867, 0.4558089555285174, 0.7673075169976237, 0.24469207120657574, 0.757576357055071, 0.2667434418849341, 0.974922016914615, 0.13816412486334664, 0.5812184335873659, 0.21903706859818356, 0.34353225860413644, 0.38816794386519554, 0.5877118564459493, 0.15124908266276424, 0.20291860063731168, 0.32438687414944867, 0.28973683446476545, 0.23877650781467388, 0.14634999646755442, 0.38916649048431556, 0.3948797263641056, 1.5279218745748733, 0.5200491229651684, 0.2147206851836026, 0.1736697424594029, 1.6345168020290857, 0.2786659735916567, 0.4316805771149616, 0.1509644648576, 0.25438155402729484], "dL": 3.7664684226033525, "dI": 2.5200526433132557, "dT": 12.015714516639463, "omega": 0.02365790167100235}