{"initial_state_raw": [0.9999969854636569, 0.7104827192979984], "beta": [0.7257891298248633, 0.22173673628615975, 0.25431235426043536, 0.344152002782921, 0.21445097872436258, 0.28007293490262763, 1.3714818310772636, 0.2551341593363751, 0.31076882517828974, 0.27136594444971274, 0.2700799050869323, 0.8627035418751173, 0.8290187670665898, 0.2256769381002693, 0.5065913751667749, 0.5576162150848291, 0.4600746944037026, 0.7415802920060879, 0.271892885567429, 0.9106349529576401, 0.4208130871521009, 0.2135786030148522, 0.6030123235209878, 0.6022776313541218, 0.32109544603815404, 1.1876219871695302, 0.45612302411973393, 0.5649750487809407, 0.15424983207051207, 0.26650495415471576, 0.5803111342183968, 0.7072029478091438, 0.594852442595782, 0.41164874339464563, 0.3310529213153825, 0.8026355571339828, 1.3807466619379039, 0.20833493505650416, 0.5919147383072622, 0.4869507908710719, 1.1129364310737386, 0.4646250165594673, 1.0356423096516059, 1.2509592315719464], "dL": 3.6125594281521356, "dI": 2.215853306257658, "dT": 12.213016375068054, "omega": 0.008262782389440192}