{"initial_state_raw": [0.9999967774344188, 0.9360562645703774], "beta": [0.157275102540252, 0.17463249078439338, 0.21113572738891564, 0.20758679168491714, 0.3077955195082886, 0.26006904449716584, 0.15711958393164308, 0.17500194468208904, 1.0981613525923544, 0.35695444658671893, 0.1522959867431007, 0.9945839181506871, 0.6762378962424151, 0.19041809249952543, 0.2795423320065306, 0.3964202466742624, 0.3842611056208425, 0.15220703567241303, 0.15172550724906808, 1.6275173300841301, 1.0412230162721776, 0.40619343588849455, 1.149022986483499, 0.14930650941436818, 1.3826322779368359, 0.135389031381282, 0.5897769083901603, 0.7932301407011956, 0.21260643989154293, 0.728519855554944, 0.8627855849443148, 1.4564288144074895, 0.9442509688016959, 0.29195731669904623, 0.7114866188195192, 1.2433293062595563, 0.3231271470674614, 0.7409506307358514, 0.34701542097735943, 1.4722308569348252, 0.8227999051628394, 0.3316840501312316, 1.0816289626832347, 0.5181076715156273], "dL": 3.60545649434832, "dI": 2.4956582895629076, "dT": 11.013739231382838, "omega": 0.010475779366413095}