{"initial_state_raw": [0.9999931848225758, 0.9458289098157252], "beta": [0.18589953553835487, 0.2696596894969332, 1.0636787907011296, 1.6309964089256257, 1.262449868678517, 0.1587436028590899, 1.151347267157725, 0.9035142254031571, 0.779597029906462, 1.3001183118532535, 1.6157107288399146, 0.4829228821936803, 0.15085557017891624, 0.7981638544768275, 1.3170630486180293, 0.13771351452608935, 0.14847465672211035, 1.3764036866701437, 0.1517585593357477, 0.5012145698410416, 1.3523912813157954, 1.3446446806086345, 0.6768331448749214, 0.4191048015589677, 0.5937110987273786, 0.4152834034736996, 0.8037325704374829, 0.17119846226066693, 0.19273909777831702, 0.3557468803108619, 0.22426776651416752, 0.3749550376075896, 0.5363521629427221, 0.20179129946991278, 1.360391574115998, 0.4064455089385096, 1.017969826596957, 0.1882728468754983, 0.6321798987108405, 0.1679771995848309, 1.4034269385024936, 0.20498650793667128, 0.1827357255039613, 0.47704435460608763], "dL": 3.8941302547670764, "dI": 2.5928181603742435, "dT": 12.022636285778272, "omega": 0.03888455816661942}