{"initial_state_raw": [0.9999943832175836, 0.3517306051629244], "beta": [0.8358244580580336, 1.3100130894156947, 0.2886572058160528, 0.29671836053860196, 0.4977066230074094, 0.342283171602817, 0.31081854387306984, 1.5571056336724527, 1.0275082215268923, 0.5904492287030055, 0.5555095447807371, 0.28131788926529305, 1.3002957224551188, 0.16816940825783147, 0.2451252744877122, 0.4211619475191233, 1.0089381556393204, 0.47741585573977074, 0.6372405453868085, 0.4007616844218962, 0.5384830365625792, 1.1152064606522178, 0.21547627902674305, 1.4478867623472047, 0.23710141105654708, 0.2798782419520352, 0.8664714737636603, 0.7234449420393845, 1.2126275867050091, 0.579788663811308, 0.45435142900322023, 0.733693489432909, 0.6588927522983231, 0.9181869898513767, 0.3782404372384768, 0.13737132457829085, 1.4628992177492528, 0.3287538876170637, 0.22466340103983137, 0.47000186405719835, 0.3724636183976375, 1.4537058987356202, 0.3852246359362655, 1.4521779248002544], "dL": 3.583772859942462, "dI": 2.430087911313965, "dT": 12.330206906727081, "omega": 0.03304143173111102}