{"initial_state_raw": [0.9999964318757049, 0.5335033196639166], "beta": [0.8722766413341779, 0.9367531560578499, 1.0863599740898315, 1.0205693444689494, 1.474980437433587, 1.1669450954882679, 0.4826730095043228, 0.24088099077328617, 0.8217182406266478, 0.2455745399092542, 0.3881634330389285, 1.5026959600264223, 0.27645421027485245, 0.24221497042298723, 0.7592483748152384, 0.8366542646245614, 0.8224802927508064, 0.5431897904109003, 0.24712636343834676, 1.5770100630580084, 0.43451115147894137, 0.51640739177466, 0.8125392175825844, 0.3782983847017309, 1.2210239592121126, 0.3938621076404344, 1.4588885545035593, 0.3530933725002688, 1.4937475853571498, 1.4330475590281069, 0.8451939924361459, 0.23247171170507838, 1.1588315622757555, 0.8578760636013211, 0.4461711723009, 0.36994846740383186, 0.4081345072697988, 0.7856101613517453, 0.39483005877361566, 1.3751676945963942, 0.8408808369113914, 0.2852584461127317, 1.0149854558051257, 0.29591947505909544], "dL": 3.914792797019948, "dI": 2.295963636304315, "dT": 12.444177548494478, "omega": 0.018746771975303226}