{"initial_state_raw": [0.9999960567778308, 0.7468780714913673], "beta": [0.14574960362125852, 0.4576428779635908, 0.8359748175130991, 0.30125337301172295, 0.20736157021608703, 0.18987382719690915, 0.39186481109732346, 0.8898328138033235, 0.30139111155593784, 0.2628747961909421, 1.271355443365007, 0.22455479047377155, 1.1774730847155794, 0.2922037989111574, 0.243693036775153, 0.3616018991461525, 0.6752857240362276, 0.38005104297053477, 0.19792459236198337, 1.407238648513055, 0.7944376256397372, 0.8271016231903416, 1.2687967886394311, 0.27889607027124536, 0.5729941214422011, 0.153234180135144, 0.38988956237485645, 0.18023019339832236, 0.20736834089634842, 0.34785341631852523, 0.4160783506504583, 0.17741118559743743, 1.5761354865631403, 0.33040946480235917, 0.6926380377420805, 1.5671441346301316, 1.2537270000785583, 0.16074845773177893, 0.21715036754737743, 1.6485456405016015, 1.2395269593884228, 0.5989188444361532, 1.4844537566725193, 0.1692577027564005], "dL": 3.730156799987421, "dI": 2.270005105072362, "dT": 11.563781963399393, "omega": 0.04619767087144533}