{"initial_state_raw": [0.9999924924470318, 0.30489361351961886], "beta": [0.4255528045127286, 0.4070785524432338, 0.5769670175032561, 0.36409621458001246, 0.32244050676472835, 0.41359753609881705, 0.2668314660578144, 0.943669826440534, 0.49805274817603745, 0.8871636682559242, 0.37191996686963064, 0.8612190164016126, 0.357447355366893, 0.13621510769234613, 0.4248558513508105, 0.29001128559300104, 0.9863347975533451, 0.24753805062930206, 0.20393532427448752, 0.26495603342574753, 0.41614959661272627, 0.27275656822827726, 0.6014876331090968, 0.9304602632504245, 0.8778122214722905, 0.946212610569446, 1.3214151794719036, 1.5537587306916925, 1.4829129386160733, 0.32529985159233304, 0.18048061639888105, 0.3265256452745094, 0.14446857923396478, 0.24250125551986912, 0.3855258334545959, 0.15082597857029592, 0.33334639322846715, 0.24377192598841857, 0.46006172241194926, 0.2254157832350395, 0.19798959853923823, 1.338749317972893, 0.6389662776905032, 1.2678504696139838], "dL": 3.761367754122094, "dI": 2.249518748190102, "dT": 11.779016580808305, "omega": 0.00709317712022189}