{"initial_state_raw": [0.9999939108678066, 0.18825284767622474], "beta": [0.5157021521599446, 1.6354349981729381, 0.6158559445413035, 0.4467733166466399, 0.9396058217747778, 0.3535839722089151, 0.23104874525201102, 0.5780673146622958, 0.5910814927288884, 0.49588963700129673, 0.9062450601700348, 0.7489592159645524, 1.1460781713901842, 0.23492005404577398, 0.5827133831761407, 0.3131627385855986, 0.15013833702715698, 0.9990496632289819, 0.3073879948159658, 1.030377112410019, 0.8031536098646034, 0.9879158989730445, 0.2959416463210801, 0.28847293435895804, 0.15295346637537494, 0.2256249887364415, 0.320367616622959, 1.2403403037734895, 0.9096170673668734, 0.6771086790754272, 0.36378935674903523, 0.2225138901918104, 0.2452925547117031, 1.324936449345556, 0.3510612600703217, 0.5373951808961438, 0.1514139711947457, 0.17742640650815833, 1.451270388941422, 1.084614673418897, 0.15381336462994194, 0.9842630328014568, 0.8046200648570072, 0.23456509614992793], "dL": 3.612862558333789, "dI": 2.216550562121182, "dT": 11.12796856903723, "omega": 0.025747135271131042}