{"initial_state_raw": [0.9999959042921298, 0.3035554144715895], "beta": [0.2904549917050436, 0.17716680183541247, 1.6024222355004865, 0.8847467163283659, 1.536050866533074, 0.8565130833789654, 0.696590905728761, 1.4712217911265462, 0.3331053301359588, 0.2438374521035768, 0.2841840877315836, 0.1960573940883595, 0.2793485301876191, 0.3090828629179853, 0.6217049339277466, 1.1832513310281856, 0.2146741012542321, 1.3959709380259664, 0.15068302952263474, 0.14280603756078797, 0.3570139740352446, 0.36425366163926, 0.73260466743428, 0.6763593871278065, 0.7940468188699625, 0.44817294914597006, 0.25988790761914543, 1.0281970303950219, 1.5360502492590065, 1.4742936577532797, 0.17051687797858534, 0.5685475250429461, 0.4250193659039459, 0.6808875530254739, 0.2013373993499607, 0.19958150714716158, 1.305026393467985, 0.20938665655371938, 1.4855284820075483, 1.4783789420577502, 0.4588842347865976, 0.23262637316849422, 0.16999016761037192, 0.34286275674857514], "dL": 3.7000424357069828, "dI": 2.3475255173926595, "dT": 12.936860250788001, "omega": 0.012408221441551286}