{"initial_state_raw": [0.9999921403334401, 0.7592634585397322], "beta": [0.5846139815362428, 0.1493360935950599, 0.8917010394638183, 0.29767810192467364, 0.15899816533642966, 0.6109319096926175, 0.1996809742799664, 0.8742231053385418, 0.16323862129868805, 0.2976653370432799, 0.6027433818355585, 0.1975387264721026, 0.18784126597462106, 0.31989768716186195, 1.5717597483408883, 0.2661344006232664, 0.320062916396737, 0.6435990225966776, 0.14291046019363676, 0.8103736769046869, 0.5566730108903454, 0.4936500693487605, 0.2450684990430429, 1.0671739823899664, 0.2116859772497864, 0.641115448856924, 1.2303862382147095, 0.1523214099109086, 0.9355806362485941, 0.17135137262220687, 0.19223289709873426, 0.15583800479445045, 0.9098495940757698, 0.4202338472406351, 1.3638109380474694, 0.1374367371249376, 0.4341154360646623, 0.6801651356969202, 0.5018165168940086, 0.7906950888475109, 0.24806057761715883, 0.5111323684437783, 0.7064698841440954, 0.2505538354978167], "dL": 3.759258787778735, "dI": 2.3858211603177617, "dT": 12.313222914228561, "omega": 0.0074622062790078054}