{"initial_state_raw": [0.999992129405495, 0.9940148782075455], "beta": [0.6590371413578983, 0.3135569260916367, 0.289017288786213, 0.7174836839412201, 1.1216673831141868, 0.7384183456153398, 1.5690244358894432, 0.9523963950238452, 0.17568488042431185, 0.4554336820066197, 0.2330443209954533, 0.9627880929008854, 0.4949493667683984, 1.5618627134978091, 0.5431140394670102, 0.20335230787957945, 0.4274498696381694, 1.0416890826205072, 0.13681136173524608, 0.35290079690807513, 1.3273151433355073, 0.4756639780936281, 0.4468260666000702, 0.22115728018322725, 0.3996041031834904, 0.4957370087877575, 1.2406640611077644, 0.9353871504117057, 0.6260663516475744, 0.45097187462315563, 0.37239060785453404, 0.9063291047470127, 0.2892675476147417, 0.5775811153715765, 0.23233381984371324, 0.4520358261180538, 0.450110216528272, 0.18623421878054955, 0.23130926443649794, 0.25191626400946926, 0.9436051940861798, 0.5828591310009977, 1.3755728897574693, 0.4516064951981427], "dL": 3.937114987875832, "dI": 2.3375179259924233, "dT": 12.684344394715499, "omega": 0.01973635702553555}