{"initial_state_raw": [0.9999989083942563, 0.23483913619517938], "beta": [0.19078940794260327, 0.9268755069168061, 0.13871304872110315, 0.2088932547386688, 0.4021159451406184, 0.6087482563756864, 1.0636904529767401, 0.595871687975436, 0.40560097932060235, 0.7406544348811352, 0.22333386122536206, 0.2321814999506519, 0.3570049464914779, 0.5928477627966667, 0.6818332216547859, 0.4098110231416279, 0.8027030229709057, 0.19023905461595822, 0.1945237740464326, 0.1726385800323373, 0.46865867150067597, 0.34810270601795673, 0.25326484406277, 0.15543203329873487, 0.154576177284218, 0.25481559469290677, 0.19909031425961315, 0.4573408206852873, 1.5652521133392374, 0.621367262252913, 0.2452897760847953, 0.506613415521962, 0.7741805951213429, 0.4146335752289782, 1.555459674231149, 0.6180183252351461, 0.9794287990792435, 0.6116007714249764, 0.8873829619827299, 0.2829953892291298, 0.4268767434933189, 0.831067846494007, 0.5177883503534899, 1.6437372027807848], "dL": 3.623549642607914, "dI": 2.524883536914262, "dT": 12.593285923649908, "omega": 0.00858006146386502}