{"initial_state_raw": [0.9999916064607642, 0.7841882860425515], "beta": [1.5010833395963354, 0.9361300376961011, 0.568265878532706, 0.1912067399611696, 0.5594974408002029, 1.085006693609011, 0.8345350829964439, 0.17554591840516676, 0.7915764553781403, 0.32612332587283976, 0.2169597917694384, 0.8561994138587482, 0.581152666041599, 0.5759359233623247, 1.6052003214695794, 0.13814603721106475, 0.8762744642848121, 0.32417079068741134, 0.14558745128756345, 0.4915417004490778, 0.14467173826744184, 0.24214591644096858, 0.550106242058375, 0.14130396597654013, 0.6901326033185305, 1.3701809552131798, 0.14173492811698185, 0.22615177688648883, 1.0979881570879522, 0.15898232330365966, 0.3281738549437736, 0.41269602177150067, 0.3795272571472932, 0.4794366868110979, 0.8756763599179614, 0.2360584523630097, 0.20676824386702713, 0.44404926405695316, 0.4263760228415637, 0.21984391468191164, 0.23764777486323213, 1.5267484205782278, 1.5202410007253577, 0.7554632476439269], "dL": 3.721253991381187, "dI": 2.4290114978640833, "dT": 11.279717185826371, "omega": 0.01636446721514503}