{"initial_state_raw": [0.999995460737673, 0.5343657208670223], "beta": [1.1297839062439907, 0.9082711540628353, 0.6661751288812306, 0.7975945243534083, 0.6765200888128137, 0.22761428557522256, 0.8285431587699849, 0.9204620576735295, 1.3720506218403077, 0.2301183209059461, 0.18572341473597775, 0.22438724006248797, 0.9320136291882603, 0.4507221700646414, 0.4966831660273381, 0.18151355419468296, 1.2737308459550107, 0.21694900621186197, 1.1286706305682013, 0.5054677445399113, 0.5486716172460236, 0.21036066356535413, 0.8569760224850544, 1.5640429716132085, 0.8879694449800482, 0.8842564048929978, 0.7162445385505649, 0.19830092603008576, 0.42707046045388225, 0.42299402801422537, 1.194215141240736, 0.37675344890428974, 0.33775683366274456, 0.28872111880517615, 1.531506408241961, 0.276358075966909, 0.5006359050201898, 0.652830655964788, 1.1079677586011765, 0.7330323882910048, 0.6676843603077409, 0.7263007105559475, 0.5852613095338045, 0.6405756454685401], "dL": 3.695685715473027, "dI": 2.3670031885418314, "dT": 11.681419691006427, "omega": 0.008081452809696974}