{"initial_state_raw": [0.9999932896067676, 0.5581515081631306], "beta": [0.3535649396335997, 0.9274749675880871, 0.18808246621020575, 1.1142126776762353, 1.3011177767592592, 0.4585018510495877, 0.31360054956856404, 0.38287752290268445, 0.8456895562253475, 0.7272788202964467, 0.18183289097637578, 0.36302591784279475, 0.9943087169037192, 0.4171634265860359, 0.3173263782256465, 0.13589766915588478, 0.26993039323746226, 1.0366011219120457, 0.19806651225797917, 1.5323858135946207, 0.5274483555136089, 0.5010377137740086, 0.7128863193714587, 0.4543274276236047, 0.21605712373116226, 0.545402133108325, 0.16368951056719483, 0.21183809132184853, 1.389251205173902, 1.426480336475815, 0.3582314017701813, 0.7929339526658116, 0.2325199548920483, 0.4689420559465845, 1.2446946246195592, 0.9442488954632994, 0.2005612068247253, 0.19232045405067305, 1.5071427957279553, 0.32730519425125104, 1.4666716826065764, 1.217150317189366, 1.2622085655173612, 0.42154103488808914], "dL": 3.8160756649077623, "dI": 2.4197011926617495, "dT": 11.25289150579155, "omega": 0.018389906026174473}