{"initial_state_raw": [0.9999991832003737, 0.6294469553694325], "beta": [0.14040038250343542, 0.3153899148969339, 1.3566611034533724, 1.145133094738138, 0.24892655385859813, 0.44929475296654914, 0.37167919179857356, 0.3729256002348857, 0.3108457368529399, 0.7027117773666073, 0.4112246128664171, 0.5804705486955553, 0.2541959038196446, 0.21618901310846536, 0.3543399416754301, 0.1532045955841098, 0.2709259172660462, 0.8125563766850658, 0.6245768471508332, 0.35740611344793005, 0.20392166676125517, 1.0303130120299149, 1.3071661095968365, 0.35845229635466713, 0.6688914905570982, 0.7967069258984489, 0.6610089896003407, 0.20558010116564418, 0.568720670857127, 0.21247985192452404, 0.2781039297766669, 1.2256956306132525, 0.3088267306413733, 0.5776967163487507, 1.372802346648522, 1.0716331636429373, 0.1743626972639959, 0.4963452892740496, 0.23544339520416305, 0.9424671630614101, 0.3707910225548013, 0.16966190117944552, 0.6781060100836662, 1.3904137470045834], "dL": 3.902031711686469, "dI": 2.3303418253311423, "dT": 11.262319494075705, "omega": 0.02472022574102139}