{"initial_state_raw": [0.9999966625687535, 0.18316158656895298], "beta": [1.5808333401315573, 0.9658296781721112, 0.773245742269411, 0.27781005511212487, 0.42025069118973457, 0.17262655834837803, 0.15136058061990912, 0.23028262410864386, 0.35702514249320855, 0.8721898111022099, 1.1638230199341904, 0.26634521861547156, 0.6110911742344555, 0.23930123671634468, 0.227821122844847, 0.8487134236914078, 0.8108718091734991, 0.6910829066284339, 1.6389911971204003, 0.9035051305363749, 0.16474963578468096, 0.17073579155092705, 1.0013858839618637, 1.5456194749939645, 0.3899958762031084, 1.410016508741753, 0.6052528353425035, 0.26408452219024003, 0.338951558640473, 0.9272560202097359, 0.29747556299022854, 0.1418180381122846, 0.21081111450298912, 0.5650413120051154, 1.2862467401962159, 0.3148899079424815, 0.2627973101667004, 0.2726378863343122, 0.15351442840238988, 1.2948421241892647, 0.4722981686061574, 1.5657162147553396, 0.14110695831130368, 0.45372091631181555], "dL": 3.785144706618211, "dI": 2.200844536735627, "dT": 12.376777811771067, "omega": 0.010109831331427722}