{"initial_state_raw": [0.9999936162127538, 0.18756964561779566], "beta": [0.2973591454782892, 0.3416573244672336, 0.19438700044345203, 0.37366644011672007, 0.6992545972390444, 0.29496950366059865, 0.683148622581745, 0.1566748139041877, 0.4894620740316221, 0.38627688319661907, 1.35052002307849, 0.5325422426493488, 0.8590706998384717, 1.5038677617638907, 0.8141955117328602, 0.8001207586155108, 0.1569209500907358, 0.33299013607207845, 1.1651367719354133, 0.15791344082149072, 1.1737359779450725, 0.8492650897119777, 0.9921322566834894, 0.5170862908409212, 0.9066597733885423, 0.5649914735450267, 1.1584866769443702, 1.2703404652143286, 0.7070899076121688, 0.2937870070865833, 1.0017255947890953, 0.27611547258191227, 1.3027954057284594, 0.3651568684546575, 0.4978607023544068, 0.49619611645901407, 0.5921657323071994, 1.2857697988869163, 1.22537783583901, 0.4109224690869898, 1.4999988765704892, 1.2362052586738763, 0.2902784337125401, 0.15572146598437206], "dL": 3.980584205525225, "dI": 2.5540505707572234, "dT": 11.637509588030063, "omega": 0.027225103787307612}