{"initial_state_raw": [0.9999997098229916, 0.9731869066432483], "beta": [0.3009980389038869, 0.5520658004476974, 1.5057563543315584, 1.2895304808857866, 1.139598858647319, 0.3106324347411836, 0.32976856609116645, 0.7601419255518769, 0.7569195964269483, 0.15494727183419366, 0.2641323090231676, 0.2952548461494154, 0.35396538340634565, 0.9533462965360892, 1.0639607944664053, 0.4725724106292838, 0.8205892600433452, 1.0295644234799368, 0.3535187115055226, 0.37400994491357553, 0.16270885060397683, 1.1194262172802287, 1.3488962528284862, 0.14823160681228867, 0.15140872196450422, 0.20624946604033523, 0.9933987091348849, 0.18296043702881368, 1.3403848645430443, 0.4964916825141476, 0.5799915440569103, 0.4834099262344601, 0.578585616624367, 1.1856421862005593, 0.21186579578069906, 0.9921387859772228, 0.4582315716382674, 0.8805627655863397, 1.1633180681612028, 0.14968714571742872, 1.0960625905191255, 0.7125296861626295, 0.36973883676819624, 1.1044428130824602], "dL": 3.80196333254891, "dI": 2.565268542745221, "dT": 11.061425973619718, "omega": 0.03099997622339666}